,Year/State,Year/State,Opioid Data,Income Data,Employment Data,Employment Data,Education Data,Education Data,Education Data,Education Data,Family Size Data,Family Size Data,Family Size Data,Family Size Data,Family Size Data,Family Size Data
,Year,State,Total Opioid Deaths,Median Household Income (in Inflationâ€“Adjusted Dollars),Total in Labor Force,Total Unemployed in Civilian Labor Force,Total Surveyed,No High School Degree,High School Diploma or GED,College Degree or greater,Estimated Total Household Type(Including Living Alone),Estimated Total Family Households(Married Couples),Estimated Total Family Households(Male Householder No Spouse),Estimated Total Family Households(Female Householder No Spouse),Estimated Total Family Household(Nonfamily Households),Estimated Total Family Household(Householder Living Alone)
0,2022,Alabama,1015.777778,59674.0,2398213,103239,3474924,389297,1773299,1312328,2016448,941596,90528,276864,707460,612711
1,2022,Alaska,185.5833333,88121.0,386093,16484,489218,32669,258533,198016,274574,129511,17440,28838,98785,76356
2,2022,Arizona,1983.25,74568.0,3619698,153937,5053656,548248,2363882,2141526,2850377,1332270,174058,337202,1006847,775093
3,2022,Arkansas,387.8333333,55432.0,1404190,62359,2057624,223437,1143746,690441,1216207,572596,57647,147690,438274,374526
4,2022,California,7705.583333,91551.0,20174168,1060822,26866773,4115683,10699709,12051381,13550586,6516115,870396,1764293,4399782,3296939
5,2022,Colorado,1250.083333,89302.0,3288975,113244,4084004,284568,1585288,2214148,2384584,1144446,109859,209877,920402,675140
6,2022,Connecticut,1367.25,88429.0,1961345,92597,2545188,216035,1065740,1263413,1433635,658900,70662,172977,531096,429010
7,2022,Delaware,464.5,82174.0,524136,22272,724041,57924,340076,326041,402334,197223,19368,47294,138449,115242
8,2022,District of Columbia,425.5833333,101027.0,400108,20199,479231,30355,119628,329248,326970,77550,7600,38718,203102,158840
9,2022,Florida,5984.5,69303.0,11005548,434875,16104410,1622930,7319247,7162233,8826394,4119638,460440,1104321,3141995,2481915
10,2022,Georgia,1846.75,72837.0,5562669,229718,7332980,768936,3380957,3183087,4092467,1917471,200003,615760,1359233,1108596
11,2022,Hawaii,101.5,92458.0,746185,25395,1023843,72742,474449,476652,494827,240727,27276,67049,159775,125324
12,2022,Idaho,246.9166667,72785.0,955160,28209,1280178,102284,638747,539147,717151,396372,32519,62182,226078,174054
13,2022,Illinois,3207.916667,76708.0,6628754,314814,8692839,834379,3851144,4007316,5056360,2282497,247142,608284,1918437,1569519
14,2022,Indiana,2133.666667,66785.0,3484005,124513,4584460,449388,2353788,1781284,2726489,1307913,132584,299609,986383,806482
15,2022,Iowa,256.25,69588.0,1712981,50381,2159511,141021,1062385,956105,1330995,646759,59962,115239,509035,406633
16,2022,Kansas,466.1666667,68925.0,1531077,54833,1944891,154181,921380,869330,1175294,574286,54468,111653,434887,356033
17,2022,Kentucky,1830.666667,59341.0,2170852,93466,3091499,340059,1617789,1133651,1828680,860710,91926,219489,656555,543017
18,2022,Louisiana,,,2173507,116744,3096121,393283,1641293,1061545,1816902,754142,93957,283038,685765,572258
19,2022,Maine,577.6666667,69543.0,722044,23593,1030141,55168,493647,481326,605338,292681,26729,51525,234403,181434
20,2022,Maryland,2270.916667,94991.0,3332616,130987,4286216,367917,1744719,2173580,2375984,1104626,124762,316894,829702,676774
21,2022,Massachusetts,2281.75,94488.0,3878044,158146,4947384,428752,1842497,2676135,2797776,1263224,130488,330643,1073421,815257
22,2022,Michigan,2449.25,66986.0,5039051,234094,6978952,569722,3493477,2915753,4089794,1868821,200271,479468,1541234,1249079
23,2022,Minnesota,994.1666667,82338.0,3111888,99831,3918565,233881,1685026,1999658,2322190,1147255,107485,201572,865878,684706
24,2022,Mississippi,502.3333333,52719.0,1337386,64814,1963322,243526,1023733,696063,1148340,503356,59370,191538,394076,343280
25,2022,Missouri,1598.5,64811.0,3126129,115407,4236010,357617,2164661,1713732,2521832,1168049,123769,277917,952097,779978
26,2022,Montana,119.4166667,67631.0,581891,17433,785438,46751,392618,346069,464072,223380,20899,37937,181856,141472
27,2022,Nebraska,,,1056773,24470,1300094,93708,606747,599639,803157,390540,33799,77256,301562,247140
28,2022,Nevada,634.0,72333.0,1628015,88495,2223852,279791,1149462,794599,1198356,530175,83568,159923,424690,330060
29,2022,New Hampshire,421.5833333,89992.0,774998,19642,1024780,56005,449870,518905,557220,285354,25605,47161,199100,153859
30,2022,New Jersey,2628.916667,96346.0,4971726,249523,6482223,602004,2622276,3257943,3516978,1753523,181566,443370,1138519,930619
31,2022,New Mexico,741.9166667,59726.0,1000712,47124,1453129,174301,703939,574889,848218,344144,54774,117546,331754,274155
32,2022,New York,2618.625,79557.0,10145004,517238,13892241,1681213,5430838,6780190,7774308,3288930,399804,1049498,3036076,2422271
33,2022,North Carolina,3443.666667,67481.0,5447108,200647,7372120,722720,3258690,3390710,4299266,2057368,189029,539100,1513769,1239751
34,2022,North Dakota,76.0,71970.0,424113,8993,514786,31578,246217,236991,331481,156026,12766,24969,137720,110494
35,2022,Ohio,4277.0,65720.0,5999325,222415,8130929,670433,4147340,3313156,4878206,2173755,228796,580594,1895061,1551743
36,2022,Oklahoma,616.0,59673.0,1940528,79711,2661141,277868,1400715,982558,1573180,746847,85224,185515,555594,454162
37,2022,Oregon,852.0833333,75657.0,2191659,93138,3043930,254596,1411409,1377925,1726340,788221,82721,170141,685257,505197
38,2022,Pennsylvania,,,6698469,287716,9151744,715110,4413847,4022787,5294065,2462324,238782,593708,1999251,1621750
39,2022,Rhode Island,380.5,81854.0,591365,26668,778191,73992,333314,370885,446688,188207,27767,50961,179753,140008
40,2022,South Carolina,1801.416667,64115.0,2607685,111672,3664922,349004,1752565,1563353,2136080,1018293,94418,285701,737668,614870
41,2022,South Dakota,41.75,69728.0,479744,13309,605735,41373,293034,271328,368300,177786,18524,28543,143447,117249
42,2022,Tennessee,3045.333333,65254.0,3558019,121523,4868110,469512,2503104,1895494,2846684,1342153,139454,364965,1000112,813739
43,2022,Texas,2853.166667,72284.0,15376318,670914,19597383,2722008,8704200,8171175,11087708,5401546,605432,1476398,3604332,2914356
44,2022,Utah,444.9166667,89168.0,1791947,48008,2042912,142635,921686,978591,1129660,672316,57561,100722,299061,219926
45,2022,Vermont,228.0,73991.0,356111,10013,467643,23468,195969,248206,277090,131234,11709,21553,112594,84085
46,2022,Virginia,2126.75,85873.0,4600045,161105,5978782,505775,2499236,2973771,3380607,1642002,158347,391567,1188691,953330
47,2022,Washington,1819.833333,91306.0,4095487,163479,5470209,428495,2337435,2704279,3079953,1499199,145218,291028,1144508,858651
48,2022,West Virginia,1154.833333,54329.0,774750,36582,1262566,137151,701083,424332,736341,338510,39378,85176,273277,228606
49,2022,Wisconsin,1469.833333,70996.0,3127697,86461,4088500,266497,2007700,1814303,2491121,1171977,112626,226502,980016,771357
50,2022,Wyoming,72.25,70042.0,306456,11409,399796,25074,208712,166010,243321,119329,12725,21311,89956,74054
51,2021,Alabama,0.0,53913.0,2335486,123808,3451208,416467,1784947,1249794,1967559,904392,90366,276625,696176,607180
52,2021,Arizona,1985.666667,69056.0,3544778,203756,4980297,549363,2348548,2082386,2817723,1344242,163839,338277,971365,741675
53,2021,Arkansas,338.6666667,52528.0,1408602,77486,2037763,230890,1130297,676576,1183675,565893,59813,151925,406044,339397
54,2021,California,6885.666667,84907.0,19961610,1649320,26909869,4184879,10866898,11858092,13429063,6517082,864894,1764642,4282445,3218519
55,2021,Colorado,1156.916667,82254.0,3212836,168571,4044182,305974,1607811,2130397,2313042,1124072,107081,217502,864387,644981
56,2021,Connecticut,1332.75,83771.0,1950159,129633,2534376,225191,1053444,1255741,1428313,664848,64625,186889,511951,411766
57,2021,Delaware,415.5,71091.0,492382,27140,711104,61466,330249,319389,395656,186477,18932,50999,139248,114678
58,2021,District of Columbia,408.5,90088.0,391439,31749,478774,34541,127146,317087,319565,77478,9856,41399,190832,154140
59,2021,Florida,6047.75,63062.0,10652489,592167,15762122,1608543,7344229,6809350,8565329,3975785,430783,1104097,3054664,2435836
60,2021,Georgia,1512.416667,66559.0,5394701,294785,7234271,797877,3321748,3114646,4001109,1881572,192141,601549,1325847,1073419
61,2021,Hawaii,81.5,84857.0,739336,53237,1021687,72211,475986,473490,490080,248069,26631,60199,155181,120635
62,2021,Idaho,196.8,66474.0,937369,30858,1257566,109913,634865,512788,693882,385704,30931,59835,217412,168018
63,2021,Illinois,2941.25,72205.0,6584794,482887,8730697,858004,3902778,3969915,4991641,2300396,240515,594689,1856041,1528037
64,2021,Indiana,2027.0,62743.0,3426897,160040,4559631,426734,2401702,1731195,2680694,1285451,130454,301543,963246,779671
65,2021,Iowa,234.9166667,65600.0,1681087,60198,2137261,142666,1086397,908198,1300467,638989,54496,114021,492961,392932
66,2021,Kansas,353.75,64124.0,1520362,65475,1942133,157422,929684,855027,1159026,574260,53926,112843,417997,347598
67,2021,Kentucky,1860.333333,55573.0,2125669,114655,3077867,369720,1602025,1106122,1785682,850400,91550,217582,626150,509745
68,2021,Louisiana,,,2143567,161765,3117186,415297,1666283,1035606,1783924,756880,96044,285207,645793,547033
69,2021,Maine,482.25,64767.0,708906,34431,1015078,55545,487081,472452,593626,288115,23378,53733,228400,177419
70,2021,Maryland,2560.416667,90203.0,3304168,192275,4273260,380818,1779398,2113044,2355652,1108456,115941,324757,806498,658306
71,2021,Massachusetts,2141.0,89645.0,3865417,255238,4934755,439192,1818572,2676991,2759018,1268347,123694,327491,1039486,787526
72,2021,Michigan,2400.083333,63498.0,4966693,342848,6971895,560298,3523104,2888493,4051798,1875558,202365,471619,1502256,1221831
73,2021,Minnesota,878.3333333,77720.0,3114145,151805,3898742,228847,1693727,1976168,2281033,1122121,101601,203499,853812,663548
74,2021,Mississippi,484.9166667,48716.0,1325864,84002,1968167,265989,1014672,687506,1129611,498803,52635,191413,386760,334983
75,2021,Missouri,1507.666667,61847.0,3107007,142497,4226634,355385,2179769,1691480,2468726,1176418,108954,270371,912983,743280
76,2021,Montana,96.83333333,63249.0,554118,21876,766758,43308,387198,336252,448949,219056,20003,36564,173326,131040
77,2021,Nebraska,,,1053466,27826,1292536,101315,606218,585003,785982,391102,34063,69977,290840,238923
78,2021,Nevada,635.3333333,66274.0,1590604,152875,2192826,281653,1109911,801262,1191380,522193,79604,151899,437684,333295
79,2021,New Hampshire,343.9166667,88465.0,776061,27923,1008318,56080,447161,505077,548026,286604,25947,48658,186817,142107
80,2021,New Jersey,2576.75,89296.0,4914835,395137,6474427,583933,2645844,3244650,3497945,1763645,173007,442676,1118617,915841
81,2021,New Mexico,652.8333333,53992.0,967832,74721,1450549,181594,701289,567666,834007,357938,50975,113738,311356,257954
82,2021,New York,2352.875,74314.0,10138385,883908,13987094,1673580,5491065,6822449,7652666,3268729,395689,1051332,2936916,2365770
83,2021,North Carolina,2973.5,61972.0,5301767,300438,7245632,746487,3239537,3259608,4179632,1976957,181424,527314,1493937,1228467
84,2021,North Dakota,0.0,66519.0,415807,11627,506739,32307,240114,234318,322511,148550,17460,24508,131993,107095
85,2021,Ohio,4537.083333,62262.0,5936933,322494,8117973,670314,4226306,3221353,4832922,2162168,230594,593693,1846467,1504931
86,2021,Oklahoma,365.0833333,55826.0,1917143,112271,2639889,298014,1390576,951299,1547967,731871,80753,187228,548115,454073
87,2021,Oregon,654.0,71562.0,2147998,136281,3030635,246262,1411536,1372837,1702599,806612,82016,165404,648567,479248
88,2021,Pennsylvania,,,6618867,420743,9161945,743284,4442250,3976411,5228956,2449955,242449,606151,1930401,1580153
89,2021,Rhode Island,350.8333333,74008.0,594888,45296,773464,84016,344927,344521,440170,194722,21138,52858,171452,133661
90,2021,South Carolina,1585.833333,59318.0,2507997,139757,3598398,373997,1720561,1503840,2049972,964209,92193,280887,712683,595718
91,2021,South Dakota,37.75,66143.0,466270,12923,590377,41013,291474,257890,356887,175003,16528,29683,135673,107941
92,2021,Tennessee,2829.916667,59695.0,3439821,180846,4814533,494048,2479674,1840811,2770395,1303575,131888,347350,987582,807862
93,2021,Texas,2511.583333,66963.0,14826344,910813,19224688,2808904,8599854,7815930,10796247,5341490,571198,1460497,3423062,2768892
94,2021,Utah,445.75,79449.0,1721142,59693,2010727,137248,942186,931293,1101499,652738,51037,94270,303454,226995
95,2021,Vermont,192.8333333,72431.0,349096,14648,462705,25227,194067,243411,270163,130749,10678,23612,105124,75327
96,2021,Virginia,2094.583333,80963.0,4553835,211324,5942672,511972,2489840,2940860,3331461,1629590,153061,382293,1166517,942665
97,2021,Washington,1418.833333,84247.0,3993077,232094,5401149,413305,2338451,2649393,3022255,1503723,139845,293513,1085174,819693
98,2021,West Virginia,1268.5,51248.0,771429,47941,1265439,141468,718062,405909,722201,345572,35843,80913,259873,215639
99,2021,Wisconsin,1341.166667,67125.0,3105191,110048,4076339,272074,2016672,1787593,2449970,1162694,114292,237670,935314,742202
100,2021,Wyoming,60.75,65204.0,301303,11171,395348,25356,205429,164563,242763,120894,11264,18675,91930,75088
101,2021,Alaska,156.5,77845.0,376965,24603,485779,32490,253723,199566,271311,129937,14924,27515,98935,77681
102,2019,Mississippi,194.6363636,45792.0,1342991,87817,1979664,290917,1039548,649199,1100229,481478,51755,185149,381847,333071
103,2019,Missouri,1122.166667,57409.0,3078235,116062,4206162,391815,2209345,1605002,2458337,1160554,111420,274071,912292,743724
104,2019,Montana,0.0,57153.0,545370,22004,741950,42682,380720,318548,437651,213679,19789,35541,168642,134306
105,2019,Nebraska,,,1049680,34133,1271770,101272,606722,563776,771444,388538,34087,70388,278431,221565
106,2019,Nevada,416.75,63276.0,1568228,79000,2136466,280915,1119163,736388,1143557,506470,70547,146738,419802,326114
107,2019,New Hampshire,374.5,77933.0,759931,22609,979750,65672,449183,464895,541396,273682,25008,47723,194983,149666
108,2019,New Jersey,2472.916667,85751.0,4731226,220476,6191229,599619,2640861,2950749,3286264,1667463,164798,409294,1044709,867529
109,2019,New Mexico,360.25,51945.0,972732,52489,1425988,201328,700531,524129,793420,331505,48858,116598,296459,248530
110,2019,New York,1453.541667,72108.0,10085219,445165,13664734,1694230,5599698,6370806,7446812,3222615,381647,1032094,2810456,2270961
111,2019,North Carolina,1813.25,57341.0,5272092,236872,7187077,818924,3319086,3049067,4046348,1926079,183212,521074,1415983,1157599
112,2019,North Dakota,0.0,64577.0,424480,10920,504375,33019,247243,224113,323519,151995,13101,24413,134010,108881
113,2019,Ohio,3367.25,58642.0,5976393,272654,8049805,740847,4249772,3059186,4730340,2126672,231837,584072,1787759,1470229
114,2019,Oklahoma,260.25,54449.0,1895848,81705,2619244,303266,1421573,894405,1495151,713636,79469,182649,519397,428168
115,2019,Oregon,326.6666667,67058.0,2158612,107991,2988118,258399,1428301,1301418,1649352,780807,75257,165524,627764,464096
116,2019,Pennsylvania,,,6592650,295633,9028036,811832,4523108,3693096,5119249,2373352,248946,605926,1891025,1543550
117,2019,Rhode Island,273.8333333,71169.0,575681,24199,746952,80207,342266,324479,407174,179776,21835,48376,157187,126319
118,2019,South Carolina,835.0,56227.0,2513088,116037,3563204,415678,1740418,1407108,1975915,928870,87130,270326,689589,572757
119,2019,South Dakota,31.58333333,59533.0,469624,14033,588029,46294,297120,244615,353799,177534,15601,30829,129835,105901
120,2019,Tennessee,1440.583333,56071.0,3387696,152373,4693962,562817,2434035,1697110,2654737,1274887,126971,326037,926842,762965
121,2019,Texas,1402.083333,64034.0,14574146,635077,18772550,2882388,8711029,7179133,9985126,4954566,535307,1367768,3127485,2559502
122,2019,Vermont,110.9166667,63001.0,343455,11552,445558,30858,203722,210978,262767,121034,12101,23018,106614,83141
123,2019,Utah,401.0,75780.0,1656987,52422,1911592,133060,929094,849438,1023855,619250,48395,93323,262887,196193
124,2019,Virginia,1228.416667,76456.0,4537998,175528,5872757,584712,2494868,2793177,3191847,1590659,139428,364676,1097084,884430
125,2019,Washington,769.3333333,78687.0,3988571,179353,5290324,440074,2367094,2483156,2932477,1448372,144433,290091,1049581,780979
126,2019,West Virginia,679.1666667,48850.0,795104,47424,1281086,164805,745308,370973,728175,352587,38501,79384,257703,215804
127,2019,Wisconsin,877.0833333,64168.0,3104192,98873,4015285,290862,2027663,1696760,2386623,1140000,106976,223140,916507,727668
128,2019,Wyoming,42.33333333,65003.0,297245,10539,389847,21250,211006,157591,233128,123545,10472,18842,80269,63939
129,2019,Illinois,2129.833333,69187.0,6628213,320069,8694694,882637,3993027,3819030,4866006,2251401,228645,579021,1806939,1497316
130,2019,Georgia,835.4166667,61980.0,5308730,251981,7080222,856025,3354499,2869698,3852714,1802484,184858,568098,1297274,1078622
131,2019,Idaho,0.0,60999.0,881838,29127,1170997,99906,609852,461239,655859,357453,30832,60694,206880,161580
132,2019,Hawaii,60.75,83102.0,745236,27112,996668,75978,479385,441305,465299,232024,25886,58296,149093,117299
133,2019,Indiana,1155.3,57603.0,3419651,142084,4502015,468083,2423479,1610453,2597765,1221373,131391,286466,958535,789156
134,2019,Iowa,140.1666667,61691.0,1682701,62357,2123004,156481,1092692,873831,1287221,628853,56872,123077,478419,381430
135,2019,Kansas,167.8,62087.0,1533054,56737,1918081,157757,934584,825740,1138329,571620,51289,110580,404840,331389
136,2019,Kentucky,988.75,52295.0,2112749,100537,3048442,390653,1631678,1026111,1748732,830268,90479,208529,619456,509690
137,2019,Louisiana,,,2179183,118011,3140201,440844,1712772,986585,1741076,737222,91516,285093,627245,526658
138,2019,Maine,282.5,58924.0,711235,24471,991152,67314,495831,428007,573618,268258,23083,51553,230724,178939
139,2019,Maryland,2098.916667,86738.0,3279799,147356,4183858,402152,1784183,1997523,2226767,1051319,106928,303823,764697,627269
140,2019,Massachusetts,1945.416667,85843.0,3857469,151812,4850576,420941,1887082,2542553,2650680,1238203,122663,304139,985675,757803
141,2019,Michigan,1867.75,59584.0,5010213,250252,6894627,596287,3578751,2719589,3969880,1825191,201154,470205,1473330,1210588
142,2019,Minnesota,0.0,74593.0,3112899,98727,3847212,245690,1725718,1875804,2222568,1100581,104656,196386,820945,653284
143,2019,Connecticut,1028.416667,78833.0,1937195,102571,2496420,231839,1079333,1185248,1377166,649536,65892,170483,491255,399404
144,2019,Florida,3925.333333,59227.0,10500485,471449,15484502,1794635,7397503,6292364,7905832,3670205,404915,1008152,2822560,2264095
145,2019,Alabama,0.0,51734.0,2281982,111622,3360058,433073,1739714,1187271,1897576,892050,80004,265829,659693,566168
146,2019,Alaska,80.16666667,75463.0,377728,20650,484058,31090,263417,189551,252199,124608,12733,25793,89065,69109
147,2019,Arizona,1216.166667,62055.0,3506306,176868,4944540,612998,2407530,1924012,2670441,1272331,148008,320365,929737,728663
148,2019,Arkansas,0.0,48952.0,1398200,67142,2036456,254993,1154358,627105,1163647,553179,51650,150476,408342,343101
149,2019,California,3052.285714,80440.0,20246507,1017660,26937872,4301513,11089083,11547276,13157873,6490186,795365,1687092,4185230,3169002
150,2019,Colorado,580.4545455,77127.0,3182096,115497,3974943,302220,1642160,2030563,2235103,1116767,103851,201226,813259,605648
151,2019,Delaware,364.4166667,70176.0,494432,22631,687311,66522,335705,285084,376239,177794,19841,44949,133655,108346
152,2019,District of Columbia,236.6666667,92266.0,416359,25916,505145,41168,145626,318351,291570,78331,8516,38131,166592,130485
153,2018,Wisconsin,885.4166667,60773.0,3096515,98228,3992022,315219,2040125,1636678,2371960,1150650,113129,223591,884590,700528
154,2018,Wyoming,41.41666667,61584.0,302831,11684,393136,26309,217155,149672,230252,116706,8633,19186,85727,67099
155,2018,Mississippi,0.0,44717.0,1336759,94796,1977283,288595,1029619,659069,1108630,491760,46357,189831,380682,328697
156,2018,Missouri,1072.6,54478.0,3066200,127857,4182787,398377,2207516,1576894,2434806,1159502,109667,281707,883930,722964
157,2018,Montana,0.0,55328.0,545240,19003,735761,45079,385880,304802,431421,213173,17827,34643,165778,129350
158,2018,Nebraska,,,1040627,35872,1266440,108346,609718,548376,765490,379801,34404,71423,279862,226753
159,2018,Nevada,412.5,58646.0,1539795,85276,2096574,274055,1124067,698452,1129810,489381,78677,138580,423172,331730
160,2018,New Hampshire,420.0,74991.0,757313,26906,970748,66510,447429,456809,531212,274309,22189,45254,189460,146470
161,2018,New Jersey,2389.857143,81740.0,4729209,230383,6189243,607496,2647502,2934245,3249567,1663794,158451,409391,1017931,845110
162,2018,New Mexico,329.8333333,47169.0,941259,56803,1416481,206688,704600,505193,794093,344252,45118,106008,298715,246670
163,2018,New York,1542.083333,67844.0,10026845,499801,13672343,1757364,5629940,6285039,7367015,3243513,360765,1028658,2734079,2205142
164,2018,North Carolina,1833.583333,53855.0,5216053,254808,7102144,834880,3299447,2967817,4011462,1920236,178987,523072,1389167,1141663
165,2018,North Dakota,0.0,63837.0,418771,11691,500779,38508,238946,223325,319355,149349,13055,25515,131436,102273
166,2018,Ohio,3540.0,56111.0,5938035,292570,8027035,746400,4264290,3016345,4685447,2112567,227620,584057,1761203,1458547
167,2018,Oklahoma,324.6666667,51924.0,1891713,81669,2607613,301260,1430811,875542,1485310,716290,79154,187863,502003,416469
168,2018,Oregon,353.5,63426.0,2138616,106955,2952380,279925,1400404,1272051,1639970,793537,77279,156832,612322,448466
169,2018,Pennsylvania,,,6576258,321234,8994627,812098,4546402,3636127,5070931,2411269,236332,587656,1835674,1515091
170,2018,Rhode Island,278.9166667,64340.0,562393,30862,740695,80586,343847,316262,406573,174713,19732,53031,159097,128183
171,2018,South Carolina,777.6666667,52306.0,2475682,128847,3492355,403491,1744811,1344053,1927991,895552,86972,275749,669718,558826
172,2018,South Dakota,29.5,56274.0,470490,13845,582850,45157,296457,241236,345449,171939,14829,32939,125742,100854
173,2018,Tennessee,1279.083333,52375.0,3330964,181951,4640823,564949,2452383,1623491,2603140,1245738,127147,335283,894972,729207
174,2018,Texas,1416.0,60629.0,14266767,694485,18477097,2963969,8577352,6935776,9776083,4871974,505544,1352750,3045815,2493457
175,2018,Vermont,114.5,60782.0,344832,13128,445824,28903,206199,210722,261373,122744,12039,21021,105569,81715
176,2018,Utah,461.5833333,71414.0,1587453,50175,1871902,142082,885567,844253,998891,608407,44835,90525,255124,193696
177,2018,Virginia,1183.666667,72577.0,4482124,183221,5822007,588385,2489599,2744023,3175524,1579078,145217,370012,1081217,872563
178,2018,Washington,741.8333333,74073.0,3908438,166229,5215063,437484,2331025,2446554,2895575,1454891,135919,288827,1015938,758608
179,2018,West Virginia,770.75,44097.0,788509,45639,1280781,156585,754840,369356,734703,347271,33828,80812,272792,228158
180,2018,Alabama,0.0,49861.0,2231613,124835,3337464,448179,1748963,1140322,1855184,879227,77949,257618,640390,555330
181,2018,Alaska,82.5,74346.0,388885,25410,485353,32444,266543,186366,254551,127824,15613,24090,87024,66253
182,2018,Arizona,1028.416667,59246.0,3415877,181757,4840304,605934,2367455,1866915,2614298,1247270,151694,314042,901292,704852
183,2018,Arkansas,0.0,47062.0,1382752,61872,2021939,258986,1137535,625418,1156347,553461,57646,158027,387213,325971
184,2018,California,0.0,75277.0,20169143,1108664,26815644,4355017,11149008,11311619,13072122,6458423,791114,1685084,4137501,3133413
185,2018,Colorado,573.6,71953.0,3138416,122498,3900287,317116,1628367,1954804,2176757,1068185,98735,205785,804052,610855
186,2018,Delaware,329.1,64805.0,489706,27858,679700,69081,345979,264640,367671,173834,18223,46342,129272,106275
187,2018,District of Columbia,219.9166667,85203.0,414568,31074,500176,39628,144430,316118,287476,73009,10168,38352,165947,131010
188,2018,Connecticut,953.6666667,76348.0,1936101,106371,2493396,226254,1083941,1183201,1378091,650317,66986,174632,486156,401058
189,2018,Florida,0.0,55462.0,10316295,530845,15302125,1761732,7403653,6136740,7809358,3638058,388082,1000375,2782843,2264215
190,2018,Georgia,916.25,58756.0,5245825,249896,6978172,866099,3325266,2786807,3803012,1783375,183361,570670,1265606,1044144
191,2018,Idaho,0.0,55583.0,843615,33438,1143747,103868,610294,429585,640270,348814,28650,60301,202505,162681
192,2018,Hawaii,55.22222222,80212.0,752795,27230,995589,80079,471380,444130,455309,235162,23152,58535,138460,111739
193,2018,Illinois,2236.166667,65030.0,6676623,368739,8706376,914782,4034059,3757535,4864864,2293091,227200,598810,1745763,1437587
194,2018,Indiana,0.0,55746.0,3391849,149266,4467893,491834,2367169,1608890,2599169,1248277,130027,304872,915993,752041
195,2018,Iowa,172.0833333,59955.0,1678071,60717,2104792,162649,1083606,858537,1267873,622142,57143,121044,467544,375230
196,2018,Kansas,0.0,58218.0,1515474,57197,1911426,172033,922285,817108,1133408,570740,46800,109208,406660,331106
197,2018,Kentucky,1048.090909,50247.0,2117233,109879,3039414,401064,1622601,1015749,1732713,837979,83684,217264,593786,486434
198,2018,Louisiana,,,2168385,137130,3125733,442559,1721447,961727,1737220,748604,88289,267954,632373,532003
199,2018,Maine,330.4166667,55602.0,704960,24865,983382,68461,509597,405324,570307,267015,24306,51221,227765,175631
200,2018,Maryland,2149.333333,83242.0,3283636,160777,4167339,396131,1788726,1982482,2215935,1069433,101726,301213,743563,604368
201,2018,Massachusetts,1989.583333,79835.0,3807761,180720,4832728,446304,1867727,2518697,2624294,1225244,109287,309674,980089,760203
202,2018,Michigan,2030.333333,56697.0,4977773,265532,6869846,612424,3567802,2689620,3957466,1849470,195538,474993,1437465,1172606
203,2018,Minnesota,0.0,70315.0,3080480,104622,3809229,252805,1712783,1843641,2194452,1103111,96300,197416,797625,630779
204,2017,Mississippi,0.0,43529.0,1329899,92744,1959341,305968,1026796,626577,1091980,482684,54881,178886,375529,327330
205,2017,Missouri,993.0,53578.0,3078317,141163,4150275,427539,2190467,1532269,2385135,1138262,109918,279080,857875,702802
206,2017,Montana,0.0,53386.0,540463,18844,723666,50729,373348,299589,423091,213118,17119,32489,160365,128489
207,2017,Nebraska,,,1048598,34967,1259254,109423,622504,527327,754490,384345,33470,67174,269501,220493
208,2017,Nevada,419.0833333,58003.0,1522722,90032,2063180,273017,1111375,678788,1094613,491128,66875,142446,394164,307721
209,2017,New Hampshire,418.4166667,73381.0,759219,28888,958005,66560,439575,451870,528700,275525,25876,44812,182487,138388
210,2017,New Jersey,0.0,80088.0,4755006,252810,6234538,628185,2711498,2894855,3218798,1654129,163028,418074,983567,818713
211,2017,New Mexico,349.9166667,46744.0,939545,61065,1391475,193565,703879,494031,767705,329588,46606,102898,288613,245516
212,2017,New York,1629.208333,64894.0,10218721,560001,13821132,1854945,5767893,6198294,7304332,3210469,372915,1036624,2684324,2172632
213,2017,North Carolina,1735.333333,52752.0,5143222,266777,6991185,853789,3288493,2848903,3955069,1907659,178850,503671,1364889,1130897
214,2017,North Dakota,0.0,61843.0,426288,12307,495904,35023,242206,218675,316306,152814,13915,23488,126089,100163
215,2017,Ohio,4266.75,54021.0,5894531,303348,7981885,777688,4274027,2930170,4667192,2136801,228915,585454,1716022,1415180
216,2017,Oklahoma,430.9166667,50051.0,1874308,99619,2586414,309014,1408147,869253,1470364,705584,74945,183615,506220,418593
217,2017,Oregon,321.3333333,60212.0,2102930,107100,2901195,262381,1404614,1234200,1603635,780758,71983,158234,592660,444167
218,2017,Pennsylvania,,,6524656,345226,8960842,844296,4551313,3565233,5008751,2377086,229197,571006,1831462,1521688
219,2017,Rhode Island,287.3333333,63870.0,574161,32751,736969,86292,345277,305400,408748,186052,16342,49417,156937,132122
220,2017,South Carolina,703.9166667,50570.0,2444647,139747,3443851,434848,1714510,1294493,1905100,901707,79210,272343,651840,551198
221,2017,South Dakota,40.16666667,56521.0,461825,16208,574559,47626,302991,223942,344260,167651,15376,30375,130858,108566
222,2017,Tennessee,1247.416667,51340.0,3311043,162289,4588453,559884,2441814,1586755,2588655,1255384,120332,331772,881167,733758
223,2017,Texas,0.0,59206.0,14001860,716417,18149346,2969023,8484877,6695446,9623874,4879009,494678,1322374,2927813,2401909
224,2017,Vermont,111.0,57513.0,339579,12759,439267,32420,201321,205526,256629,119775,10379,23494,102981,79584
225,2017,Utah,444.3333333,68358.0,1564636,55695,1827035,143535,878059,805441,975448,592208,42979,87988,252273,191331
226,2017,Virginia,1163.083333,71535.0,4478943,200754,5779221,593377,2492418,2693426,3120880,1588086,136384,366767,1029643,831439
227,2017,Washington,700.75,70979.0,3834306,186414,5101968,443963,2331899,2326106,2840377,1418536,135946,279311,1006584,754085
228,2017,West Virginia,835.3333333,43469.0,778673,51986,1279350,165261,765139,348950,715308,346532,37110,77900,253766,213676
229,2017,Wisconsin,901.4166667,59305.0,3089775,107459,3958231,301971,2020406,1635854,2350293,1139307,105880,233188,871918,692937
230,2017,Wyoming,44.88888889,60434.0,301010,15376,387700,27353,212910,147437,225796,116508,9950,19261,80077,64313
231,2017,Alabama,0.0,48123.0,2207208,128302,3309607,446943,1739082,1123582,1841665,856974,77556,269159,637976,551345
232,2017,Alaska,92.5,73181.0,389858,28267,481561,40036,260117,181408,250741,123825,15002,28574,83340,63504
233,2017,Arizona,886.8571429,56581.0,3337245,192721,4711362,604898,2315302,1791162,2552972,1206518,138074,307733,900647,710620
234,2017,Arkansas,0.0,45869.0,1378801,76495,2008398,267542,1127220,613636,1153082,552852,53801,148046,398383,336052
235,2017,California,0.0,71805.0,20064003,1178551,26679273,4449302,11183063,11046908,13005097,6446965,773212,1690440,4094480,3125424
236,2017,Colorado,0.0,69117.0,3061921,127259,3822068,319636,1614426,1888006,2139207,1062314,100541,203952,772400,578735
237,2017,Delaware,0.0,62852.0,463756,24300,673686,63551,346275,263860,357937,176947,16516,42332,122142,99176
238,2017,District of Columbia,287.8333333,82372.0,408910,26726,494614,48331,147042,299241,281475,70576,9991,38790,162118,127144
239,2017,Connecticut,935.9166667,74168.0,1931298,117360,2493854,239289,1088765,1165800,1356762,649561,61317,166415,479469,393209
240,2017,Florida,0.0,52594.0,10093485,552245,15020177,1745933,7312318,5961926,7689964,3588295,377628,977583,2746458,2217993
241,2017,Georgia,991.9166667,56183.0,5185489,296040,6896026,893436,3330548,2672042,3745074,1788755,177791,559237,1219291,1000794
242,2017,Idaho,0.0,52225.0,825230,34000,1111788,101739,604886,405163,625135,338425,26933,54416,205361,171683
243,2017,Hawaii,69.0,77765.0,753340,29762,997744,77131,484946,435667,458078,233373,28521,58442,137742,111773
244,2017,Illinois,2090.083333,62992.0,6660640,407967,8707057,949880,4066700,3690477,4808672,2277277,223035,583231,1725129,1426454
245,2017,Indiana,0.0,54181.0,3346097,158556,4435317,504862,2346905,1583550,2557299,1232773,125983,301346,897197,738296
246,2017,Iowa,196.0833333,58570.0,1681435,60190,2093909,165605,1079746,848558,1257505,634509,52144,107961,462891,366664
247,2017,Kansas,0.0,56422.0,1516538,63084,1904528,171263,922975,810290,1128983,572393,49987,111269,395334,327502
248,2017,Kentucky,0.0,48375.0,2106749,115271,3018953,412486,1641330,965137,1725034,837553,81524,210751,595206,492850
249,2017,Louisiana,,,2180136,141608,3120277,463819,1728524,927934,1737123,744011,87339,275895,629878,533354
250,2017,Maine,322.9166667,56277.0,702420,29493,971740,74787,485132,411821,540959,263878,21476,44752,210853,164809
251,2017,Maryland,2017.5,80776.0,3294443,170419,4167604,420009,1809636,1937959,2207343,1052297,104699,312834,737513,605688
252,2017,Massachusetts,1911.333333,77385.0,3776331,172091,4788573,442458,1906744,2439371,2604954,1223401,111658,317155,952740,745478
253,2017,Michigan,0.0,54909.0,4949724,291020,6819310,619966,3563864,2635480,3930017,1856750,189558,471695,1412014,1162080
254,2017,Minnesota,0.0,68388.0,3073117,110757,3778416,261634,1727896,1788886,2162211,1106647,89316,192779,773469,614838
